"company,""experience"",""salary"",""sector"""
"Company 01,6.87,8957.20656080296,""Private"""
"Company 01,5.66,9544.65307946851,""Private"""
"Company 01,4.58,7303.67648843368,""Private"""
"Company 01,6.56,8088.60034950042,""Private"""
"Company 01,8.83,14302.6723121331,""Private"""
"Company 01,7.73,10259.1259841315,""Private"""
"Company 01,5.72,7790.04637916497,""Private"""
"Company 01,8.2,10934.2681728051,""Private"""
"Company 01,1.03,5358.57290708488,""Private"""
"Company 01,7.81,12928.0474688319,""Private"""
"Company 01,7.84,11142.3753066176,""Private"""
"Company 01,6.21,9724.87798841471,""Private"""
"Company 01,5.95,9168.79876294961,""Private"""
"Company 01,7.01,10721.6886522387,""Private"""
"Company 01,9.09,9663.96395992622,""Private"""
"Company 01,4.23,8593.07506769326,""Private"""
"Company 01,6.54,8326.37875001918,""Private"""
"Company 01,5.7,9884.00322921633,""Private"""
"Company 01,8.75,8997.95074229812,""Private"""
"Company 01,6.68,7624.74246093256,""Private"""
"Company 01,6.99,11841.0964739934,""Private"""
"Company 01,9.4,15417.6732194819,""Private"""
"Company 01,2.92,5445.13368319016,""Private"""
"Company 01,3.17,6871.85934979651,""Private"""
"Company 01,3.93,8957.29266998266,""Private"""
"Company 01,8.04,8888.44359774555,""Private"""
"Company 01,6.6,9264.38432882295,""Private"""
"Company 01,5.12,9238.81313378578,""Private"""
"Company 01,7.57,12371.6730309536,""Private"""
"Company 01,6.5,10019.8949024892,""Private"""
"Company 02,6.5,10070.5005652128,""Private"""
"Company 02,7.1,12171.39339564,""Private"""
"Company 02,5.16,9808.48154703868,""Private"""
"Company 02,7.58,10985.9152726513,""Private"""
"Company 02,8.05,13221.0280532259,""Private"""
"Company 02,3.96,8396.71742736719,""Private"""
"Company 02,7.45,11679.6795124852,""Private"""
"Company 02,3.81,8569.82886936559,""Private"""
"Company 02,7.68,10537.68457727,""Private"""
"Company 02,5.41,7876.03389437492,""Private"""
"Company 02,4.42,7411.11984444342,""Private"""
"Company 02,2.47,6510.93339200026,""Private"""
"Company 02,5.88,10955.0289795432,""Private"""
"Company 02,7.2,13930.9712216301,""Private"""
"Company 02,10,11496.7387351346,""Private"""
"Company 02,6.63,10380.0131676047,""Private"""
"Company 02,7.99,10688.1481701872,""Private"""
"Company 02,3.92,8051.97992858548,""Private"""
"Company 02,5.92,10147.0231270549,""Private"""
"Company 02,6.61,10211.7034920893,""Private"""
"Company 02,7.19,11367.0834414403,""Private"""
"Company 02,7.41,11108.2730305359,""Private"""
"Company 02,6.26,8809.2713905949,""Private"""
"Company 02,6.8,9488.44424025307,""Private"""
"Company 02,5.53,9179.15236261277,""Private"""
"Company 02,4.54,9491.40942300379,""Private"""
"Company 02,5.49,10911.2707951082,""Private"""
"Company 02,6.53,9015.84884933603,""Private"""
"Company 02,2.92,7310.74503103434,""Private"""
"Company 02,7.48,8033.66277307397,""Private"""
"Company 03,5.73,8659.38923181215,""Private"""
"Company 03,5.45,10063.8584545937,""Private"""
"Company 03,4.98,10404.5607870868,""Private"""
"Company 03,8.48,14554.1093123072,""Private"""
"Company 03,4.96,11037.9732944315,""Private"""
"Company 03,6.51,11116.4912826261,""Private"""
"Company 03,6.37,10792.888116388,""Private"""
"Company 03,4.68,9848.43751549203,""Private"""
"Company 03,5.49,11098.9066492049,""Private"""
"Company 03,6.16,9000.40962276309,""Private"""
"Company 03,8.02,11856.3613324297,""Private"""
"Company 03,4.36,8788.91170482721,""Private"""
"Company 03,6.89,12156.0705248965,""Private"""
"Company 03,7.95,11609.1966551992,""Private"""
"Company 03,7.97,11072.9313072909,""Private"""
"Company 03,7.83,11773.6083916915,""Private"""
"Company 03,6.02,11043.8703493536,""Private"""
"Company 03,3.68,9895.9552948305,""Private"""
"Company 03,8.23,13004.5853103585,""Private"""
"Company 03,4.48,9836.5895530821,""Private"""
"Company 03,3.96,8911.0065387812,""Private"""
"Company 03,7.03,11022.9116945193,""Private"""
"Company 03,4.51,10198.7033886183,""Private"""
"Company 03,6.62,9853.54225095643,""Private"""
"Company 03,6.88,12066.0241725001,""Private"""
"Company 03,4.18,10775.5943351598,""Private"""
"Company 03,6.67,11993.1945092723,""Private"""
"Company 03,4.62,9041.23648318442,""Private"""
"Company 03,7.53,12103.5067596829,""Private"""
"Company 03,6.55,10653.9165357747,""Private"""
"Company 04,2.61,6641.97572633416,""Public"""
"Company 04,5.19,7532.23688797175,""Public"""
"Company 04,3.99,6057.58347659323,""Public"""
"Company 04,6.88,9629.1744776867,""Public"""
"Company 04,4.88,9096.7508842903,""Public"""
"Company 04,6.79,8873.0880426284,""Public"""
"Company 04,6.85,7742.02422313072,""Public"""
"Company 04,6.65,8166.58309438213,""Public"""
"Company 04,1.12,6026.19577028086,""Public"""
"Company 04,6.76,9349.53244892057,""Public"""
"Company 04,3.91,7107.28705381912,""Public"""
"Company 04,5.84,9068.83388852236,""Public"""
"Company 04,4.62,8081.5125703767,""Public"""
"Company 04,3.23,6572.67472495202,""Public"""
"Company 04,4.14,7820.7242189744,""Public"""
"Company 04,4.92,6089.95826247971,""Public"""
"Company 04,3.87,8642.99244733363,""Public"""
"Company 04,3.78,6575.63209452534,""Public"""
"Company 04,5.07,5499.77839736717,""Public"""
"Company 04,0.92,6080.8899687978,""Public"""
"Company 04,4.03,5269.44089043939,""Public"""
"Company 04,4.73,7818.28349024624,""Public"""
"Company 04,3.35,6093.88831643111,""Public"""
"Company 04,4.92,8826.83046534968,""Public"""
"Company 04,6.17,7542.01131501797,""Public"""
"Company 04,5.97,7594.56075554148,""Public"""
"Company 04,3.45,6581.11514601556,""Public"""
"Company 04,5.62,8693.42293266808,""Public"""
"Company 04,7.15,7752.95214219537,""Public"""
"Company 04,4.03,8595.32588301179,""Public"""
"Company 05,6.51,8592.95107395843,""Private"""
"Company 05,6.39,11029.3879821507,""Private"""
"Company 05,2.64,7084.03724186115,""Private"""
"Company 05,8.38,10856.4915295266,""Private"""
"Company 05,6.11,7216.82179062965,""Private"""
"Company 05,6.91,10558.3243969863,""Private"""
"Company 05,4.74,7671.25845072813,""Private"""
"Company 05,7.5,11428.1414096389,""Private"""
"Company 05,6.98,10226.9369069166,""Private"""
"Company 05,8.27,10145.6812189248,""Private"""
"Company 05,5.5,10474.7587913449,""Private"""
"Company 05,5.18,9209.83310992646,""Private"""
"Company 05,7.9,10174.9946038067,""Private"""
"Company 05,4.6,10654.2872310292,""Private"""
"Company 05,7.95,11393.3007381482,""Private"""
"Company 05,6.4,9066.07865219561,""Private"""
"Company 05,6.12,10808.3289836318,""Private"""
"Company 05,7.07,10830.2578603039,""Private"""
"Company 05,8.31,11412.0293325011,""Private"""
"Company 05,4.19,7387.72785246362,""Private"""
"Company 05,3.91,7871.80106768482,""Private"""
"Company 05,8.2,9975.0448675195,""Private"""
"Company 05,7.91,14153.5978825295,""Private"""
"Company 05,7.4,8761.78973297076,""Private"""
"Company 05,4.58,9101.87774317309,""Private"""
"Company 05,4.99,7836.73465360567,""Private"""
"Company 05,4.33,9452.03548835405,""Private"""
"Company 05,6.81,10323.6566965896,""Private"""
"Company 05,7.14,9726.97244440714,""Private"""
"Company 05,7.17,9498.9520359426,""Private"""
"Company 06,5.5,7726.27460537601,""Private"""
"Company 06,5.58,6431.60857510631,""Private"""
"Company 06,5.53,7813.86612661875,""Private"""
"Company 06,4.86,8817.91904274714,""Private"""
"Company 06,6.24,6554.26516192154,""Private"""
"Company 06,5.1,7679.460321531,""Private"""
"Company 06,6.16,7987.38436879875,""Private"""
"Company 06,3.64,6094.12378008876,""Private"""
"Company 06,6.27,9901.96613497528,""Private"""
"Company 06,5.57,9184.82602875368,""Private"""
"Company 06,4.34,6800.80223864863,""Private"""
"Company 06,7.41,9392.13372305212,""Private"""
"Company 06,3.19,8389.27447166654,""Private"""
"Company 06,2.42,6436.34361396976,""Private"""
"Company 06,7.18,8655.5043352749,""Private"""
"Company 06,6.22,7528.4645391106,""Private"""
"Company 06,7.44,8645.07826294026,""Private"""
"Company 06,3.32,7691.2424260794,""Private"""
"Company 06,4.11,7150.12205455011,""Private"""
"Company 06,4.04,7119.65017979975,""Private"""
"Company 06,3.84,7565.23017747657,""Private"""
"Company 06,5.45,5673.28046296142,""Private"""
"Company 06,7.88,9437.859285395,""Private"""
"Company 06,1.7,7735.20372952253,""Private"""
"Company 06,6.87,7726.97500172854,""Private"""
"Company 06,5.05,6238.92886831714,""Private"""
"Company 06,3.47,7017.64706539275,""Private"""
"Company 06,6.1,6838.4264062281,""Private"""
"Company 06,2.54,7668.67122675105,""Private"""
"Company 06,5.98,9255.55240314611,""Private"""
"Company 07,2.6,8561.17256140703,""Public"""
"Company 07,2.6,6897.27378950204,""Public"""
"Company 07,5.02,8298.57818762432,""Public"""
"Company 07,3.53,8022.70184983468,""Public"""
"Company 07,5.47,8099.2566820157,""Public"""
"Company 07,4.45,9619.66054108026,""Public"""
"Company 07,2.65,7731.85939124627,""Public"""
"Company 07,4.25,10142.0254329016,""Public"""
"Company 07,4.76,10228.3787180477,""Public"""
"Company 07,1.77,6676.2051642116,""Public"""
"Company 07,7.88,12109.6821331917,""Public"""
"Company 07,4.44,8043.17242025883,""Public"""
"Company 07,4.26,10389.9939336116,""Public"""
"Company 07,2.45,8422.61877926941,""Public"""
"Company 07,2.72,9409.32711140776,""Public"""
"Company 07,2.61,8225.65146845603,""Public"""
"Company 07,3.99,7968.61198808787,""Public"""
"Company 07,1.86,9236.91613194568,""Public"""
"Company 07,7.5,12786.5065102592,""Public"""
"Company 07,6.28,8011.26689665102,""Public"""
"Company 07,2.72,7926.52661141918,""Public"""
"Company 07,4.53,8271.10823461488,""Public"""
"Company 07,4.36,8819.7655445714,""Public"""
"Company 07,6.05,8675.97671264671,""Public"""
"Company 07,3.63,8164.24809389075,""Public"""
"Company 07,4.52,8842.00357813856,""Public"""
"Company 07,4.93,7391.69497945767,""Public"""
"Company 07,4.4,8360.15075844978,""Public"""
"Company 07,0.84,7678.74854556411,""Public"""
"Company 07,3.51,8789.29074236659,""Public"""
"Company 08,5,9000.44404377501,""Private"""
"Company 08,6.36,8017.11572113096,""Private"""
"Company 08,4.37,7845.11731905041,""Private"""
"Company 08,8.37,11652.9094733866,""Private"""
"Company 08,6.33,7921.80268439303,""Private"""
"Company 08,7.8,10196.1904380477,""Private"""
"Company 08,8.4,10925.8862641871,""Private"""
"Company 08,2.87,6310.94701551856,""Private"""
"Company 08,6.26,8508.30182758167,""Private"""
"Company 08,7.21,9081.48286970447,""Private"""
"Company 08,5.48,6678.73967730841,""Private"""
"Company 08,8.19,10355.8340036719,""Private"""
"Company 08,3.16,6611.84098954441,""Private"""
"Company 08,6.87,9899.39922046783,""Private"""
"Company 08,5.33,6708.57125479043,""Private"""
"Company 08,3.08,6192.91389489527,""Private"""
"Company 08,3.63,7401.51650362713,""Private"""
"Company 08,4.31,7816.81181685994,""Private"""
"Company 08,4.75,8445.26747284368,""Private"""
"Company 08,5.31,7789.28940211916,""Private"""
"Company 08,4.78,8366.50638108605,""Private"""
"Company 08,5.57,9050.70153834217,""Private"""
"Company 08,7.54,9276.89761411183,""Private"""
"Company 08,6.83,8859.31836247653,""Private"""
"Company 08,5.94,8550.64131483031,""Private"""
"Company 08,6.79,6895.36404673536,""Private"""
"Company 08,4.75,7836.74125911607,""Private"""
"Company 08,5.55,8961.50179949077,""Private"""
"Company 08,3.97,7968.98193780404,""Private"""
"Company 08,6.37,10770.6131144223,""Private"""
"Company 09,4.12,7822.07492316578,""Private"""
"Company 09,3.61,7528.83507340559,""Private"""
"Company 09,3.65,7703.00593260182,""Private"""
"Company 09,5.73,8422.10164711145,""Private"""
"Company 09,4.26,6352.50751972678,""Private"""
"Company 09,4.86,7036.99659171296,""Private"""
"Company 09,3.98,7820.8719603702,""Private"""
"Company 09,4.62,7397.43696181578,""Private"""
"Company 09,5.25,7362.65204858605,""Private"""
"Company 09,4.97,6621.22666815414,""Private"""
"Company 09,5.12,8542.69991960104,""Private"""
"Company 09,6.15,7133.41388114742,""Private"""
"Company 09,5.04,7569.81126210538,""Private"""
"Company 09,9.17,12645.2380451805,""Private"""
"Company 09,3.37,5789.87202553871,""Private"""
"Company 09,6.64,11433.2112121135,""Private"""
"Company 09,5.5,8413.85241597209,""Private"""
"Company 09,6.25,8241.72485735837,""Private"""
"Company 09,4.26,7622.11103118248,""Private"""
"Company 09,4.62,7913.84434383067,""Private"""
"Company 09,8.18,10225.154935176,""Private"""
"Company 09,4.93,9011.35369484749,""Private"""
"Company 09,4.99,7009.44123415285,""Private"""
"Company 09,4.59,6194.2679259562,""Private"""
"Company 09,6.92,8122.66292855565,""Private"""
"Company 09,5.8,11055.2243180325,""Private"""
"Company 09,4.72,6982.66294557608,""Private"""
"Company 09,6.95,8151.1215301088,""Private"""
"Company 09,2.96,7522.34792418328,""Private"""
"Company 09,3.27,7445.1555394834,""Private"""
"Company 10,5.19,10050.0160594483,""Public"""
"Company 10,6.58,8354.22912920836,""Public"""
"Company 10,3.04,8004.97734128406,""Public"""
"Company 10,7.06,11115.3452714703,""Public"""
"Company 10,5.11,9823.11435122857,""Public"""
"Company 10,8.76,12703.4042342708,""Public"""
"Company 10,3.76,9035.12804088091,""Public"""
"Company 10,4.05,9437.7470056459,""Public"""
"Company 10,4.74,8842.30360899672,""Public"""
"Company 10,3.15,7606.76343521024,""Public"""
"Company 10,6.15,10345.14680753,""Public"""
"Company 10,5.69,9882.19350215381,""Public"""
"Company 10,6.43,10881.4607705176,""Public"""
"Company 10,5.81,10238.6685955024,""Public"""
"Company 10,7.32,9902.27068136385,""Public"""
"Company 10,3.17,8573.52642043786,""Public"""
"Company 10,3.67,7902.50017088179,""Public"""
"Company 10,4.02,9922.98602060183,""Public"""
"Company 10,7.72,9314.52450166014,""Public"""
"Company 10,6.22,10192.9530506399,""Public"""
"Company 10,1.98,6573.49765613134,""Public"""
"Company 10,4.95,8589.30718716581,""Public"""
"Company 10,5.26,10926.6713791922,""Public"""
"Company 10,6.73,10330.8505013654,""Public"""
"Company 10,4.54,9175.17676406415,""Public"""
"Company 10,4.79,10062.072131955,""Public"""
"Company 10,3.41,8433.27480355206,""Public"""
"Company 10,7.27,11726.5563787026,""Public"""
"Company 10,5.55,10902.8693311934,""Public"""
"Company 10,4.12,8097.79680760068,""Public"""
"Company 11,4.15,7073.36483150231,""Private"""
"Company 11,6.21,6893.03425190336,""Private"""
"Company 11,4.19,7871.32852050618,""Private"""
"Company 11,3.05,5669.8475752118,""Private"""
"Company 11,6.07,8293.84395118019,""Private"""
"Company 11,5.18,8005.4875444555,""Private"""
"Company 11,4.7,8486.91676622397,""Private"""
"Company 11,5.02,8120.77203493188,""Private"""
"Company 11,6.25,7694.33019659096,""Private"""
"Company 11,4.35,7292.28672654656,""Private"""
"Company 11,6.84,8303.73859368374,""Private"""
"Company 11,6.04,7644.58124879823,""Private"""
"Company 11,6.03,10225.1913439684,""Private"""
"Company 11,5.67,8670.6931707709,""Private"""
"Company 11,5.49,8637.55324774469,""Private"""
"Company 11,4.46,6885.50781204382,""Private"""
"Company 11,4.22,7358.00780686928,""Private"""
"Company 11,5.46,8335.01610327715,""Private"""
"Company 11,8.31,9688.43565178521,""Private"""
"Company 11,3.74,8228.44285336498,""Private"""
"Company 11,2.58,6063.5293652316,""Private"""
"Company 11,6.23,8794.91835079969,""Private"""
"Company 11,4.56,9781.42334971198,""Private"""
"Company 11,6.06,7038.64678327615,""Private"""
"Company 11,7.74,11041.0652975387,""Private"""
"Company 11,3.61,7543.06260899584,""Private"""
"Company 11,8.79,12030.6599883754,""Private"""
"Company 11,5.56,9360.82979346494,""Private"""
"Company 11,4.9,7333.62128720315,""Private"""
"Company 11,6.67,7411.38528843914,""Private"""
"Company 12,6.18,11212.2540007706,""Public"""
"Company 12,3.77,8944.2962253078,""Public"""
"Company 12,7.38,12073.7078943427,""Public"""
"Company 12,2.26,8209.56616896234,""Public"""
"Company 12,3.91,9172.57308855822,""Public"""
"Company 12,6.6,11341.8827372091,""Public"""
"Company 12,4.95,11485.7827114724,""Public"""
"Company 12,3.26,9378.82422723422,""Public"""
"Company 12,2.97,9106.0525338498,""Public"""
"Company 12,4.19,10142.3065538485,""Public"""
"Company 12,7.63,8692.35016430403,""Public"""
"Company 12,8.23,11886.0903594671,""Public"""
"Company 12,2.68,9199.74252314967,""Public"""
"Company 12,5.25,10825.3994215231,""Public"""
"Company 12,1.83,7985.74979550387,""Public"""
"Company 12,1.27,8265.60226609503,""Public"""
"Company 12,2.24,7444.10820967492,""Public"""
"Company 12,7.91,11886.8316146735,""Public"""
"Company 12,7.44,11186.0925985882,""Public"""
"Company 12,4.46,9306.80907273597,""Public"""
"Company 12,5.89,9999.29756508317,""Public"""
"Company 12,1.11,6845.52036306742,""Public"""
"Company 12,7.47,9737.1422644077,""Public"""
"Company 12,3.83,9395.80532147811,""Public"""
"Company 12,5.09,11280.7897891478,""Public"""
"Company 12,6.06,10502.6439823325,""Public"""
"Company 12,6.91,10377.7635830036,""Public"""
"Company 12,6.94,7709.61068064239,""Public"""
"Company 12,4.29,10408.5780645045,""Public"""
"Company 12,5.34,8496.58099379732,""Public"""
"Company 13,6.09,11121.1066131001,""Public"""
"Company 13,7.2,8509.97507025068,""Public"""
"Company 13,2.55,6840.31930386289,""Public"""
"Company 13,4.46,7972.02403841021,""Public"""
"Company 13,4.08,8118.37756045911,""Public"""
"Company 13,4.55,9593.73658544565,""Public"""
"Company 13,5.43,7935.87150646827,""Public"""
"Company 13,5.55,6953.08100541417,""Public"""
"Company 13,4.79,8171.98767428269,""Public"""
"Company 13,2.45,5164.42740312172,""Public"""
"Company 13,5.09,9634.86610384295,""Public"""
"Company 13,6.88,7243.46209116554,""Public"""
"Company 13,8.89,11661.0867641938,""Public"""
"Company 13,9.64,10997.3418897792,""Public"""
"Company 13,4.77,7002.75247843437,""Public"""
"Company 13,4.43,8253.87484074316,""Public"""
"Company 13,4.22,6978.97874540847,""Public"""
"Company 13,7.75,8058.91513340806,""Public"""
"Company 13,6.37,6096.53215642428,""Public"""
"Company 13,7.18,9470.80548110192,""Public"""
"Company 13,5.9,7219.47401232142,""Public"""
"Company 13,1.99,5807.42807352686,""Public"""
"Company 13,5.24,8548.77617318029,""Public"""
"Company 13,6.25,6785.47641332573,""Public"""
"Company 13,4.95,6523.7240531891,""Public"""
"Company 13,5.11,8142.22663861537,""Public"""
"Company 13,4.59,6496.24805440056,""Public"""
"Company 13,3.99,6602.8769993479,""Public"""
"Company 13,3.47,7213.02496712356,""Public"""
"Company 13,3.18,9018.15600220354,""Public"""
"Company 14,4.56,8427.63094005861,""Public"""
"Company 14,4.99,9752.48041910325,""Public"""
"Company 14,4.16,6806.83428137426,""Public"""
"Company 14,3.46,6676.7894817557,""Public"""
"Company 14,1.33,7205.00464899373,""Public"""
"Company 14,6.11,9139.89297956428,""Public"""
"Company 14,4.19,6757.7797535382,""Public"""
"Company 14,3.49,7677.79186354285,""Public"""
"Company 14,3.35,7016.44371210912,""Public"""
"Company 14,1.68,6533.88002806679,""Public"""
"Company 14,2.79,7211.38525099207,""Public"""
"Company 14,3.56,6854.92212425631,""Public"""
"Company 14,7.34,9108.51366537834,""Public"""
"Company 14,8.2,8109.34453821905,""Public"""
"Company 14,6.53,7019.34170684474,""Public"""
"Company 14,4.44,7753.97091070151,""Public"""
"Company 14,4.81,8132.29712958297,""Public"""
"Company 14,4.42,7948.06140277386,""Public"""
"Company 14,5.13,8636.90063670951,""Public"""
"Company 14,6.31,8469.17827899644,""Public"""
"Company 14,2.18,6874.11373311541,""Public"""
"Company 14,5.02,6762.67591040032,""Public"""
"Company 14,6.28,10039.3246329872,""Public"""
"Company 14,7.44,7681.64750510894,""Public"""
"Company 14,6.47,9046.30702682483,""Public"""
"Company 14,2.76,5739.1874484589,""Public"""
"Company 14,2.98,5977.41542109898,""Public"""
"Company 14,5.34,9122.71806791074,""Public"""
"Company 14,5.42,7898.13428241467,""Public"""
"Company 14,6.12,6244.48569371821,""Public"""
"Company 15,2.25,6446.71053181269,""Public"""
"Company 15,6.03,7402.59109197052,""Public"""
"Company 15,3.67,6349.63881696054,""Public"""
"Company 15,5.14,8486.31881241076,""Public"""
"Company 15,6.2,9679.82572682732,""Public"""
"Company 15,3.57,7238.14992496796,""Public"""
"Company 15,5.75,7239.31123132987,""Public"""
"Company 15,1.42,6438.56983776598,""Public"""
"Company 15,4.12,6852.21288754778,""Public"""
"Company 15,4.76,8804.74137950399,""Public"""
"Company 15,4.97,7919.99318546478,""Public"""
"Company 15,6.54,8628.9151184605,""Public"""
"Company 15,2.65,7656.3752335533,""Public"""
"Company 15,3.02,7230.78712772479,""Public"""
"Company 15,0.41,6967.06814989347,""Public"""
"Company 15,3.89,7310.6777508283,""Public"""
"Company 15,4.51,6421.09850391007,""Public"""
"Company 15,5.79,7982.27200147674,""Public"""
"Company 15,4.32,8595.83237034513,""Public"""
"Company 15,2.63,6617.29483523046,""Public"""
"Company 15,5.4,6639.77906949473,""Public"""
"Company 15,5.31,6789.50314379543,""Public"""
"Company 15,4.98,7223.229871441,""Public"""
"Company 15,5.41,8349.82184736221,""Public"""
"Company 15,5.42,8643.23265794473,""Public"""
"Company 15,0.6,7268.00176362627,""Public"""
"Company 15,4.59,9555.34060346793,""Public"""
"Company 15,4.37,4587.05197319868,""Public"""
"Company 15,3.27,7915.78721409621,""Public"""
"Company 15,3.54,7379.96590346037,""Public"""
"Company 16,4.33,8864.3377706801,""Public"""
"Company 16,2.93,7105.70305565564,""Public"""
"Company 16,5.68,7904.87014869756,""Public"""
"Company 16,4.45,8070.72519861855,""Public"""
"Company 16,4.42,7929.07129618999,""Public"""
"Company 16,6.04,7862.67506189737,""Public"""
"Company 16,6.24,8539.34065672147,""Public"""
"Company 16,5.59,8880.00932820653,""Public"""
"Company 16,4.97,10835.4082794603,""Public"""
"Company 16,0,6936.44437664865,""Public"""
"Company 16,3.45,8855.20338136531,""Public"""
"Company 16,8.14,9985.72045841264,""Public"""
"Company 16,3.99,9354.846347632,""Public"""
"Company 16,6.51,8404.66011423082,""Public"""
"Company 16,3.15,8625.18179372711,""Public"""
"Company 16,3.93,9227.25379930278,""Public"""
"Company 16,8.19,9948.17905399004,""Public"""
"Company 16,6.76,9935.16345731323,""Public"""
"Company 16,3.01,7145.39494417024,""Public"""
"Company 16,4.11,10491.468231015,""Public"""
"Company 16,5.24,7767.11925215457,""Public"""
"Company 16,6.25,10099.2443231887,""Public"""
"Company 16,3.99,8505.99993074924,""Public"""
"Company 16,3.91,9153.37452046158,""Public"""
"Company 16,3.51,8546.20288699162,""Public"""
"Company 16,5.03,6932.24334371393,""Public"""
"Company 16,6.04,7675.7001719124,""Public"""
"Company 16,6.54,8978.70652304167,""Public"""
"Company 16,5.07,8762.8583108252,""Public"""
"Company 16,4.91,7650.24694716556,""Public"""
"Company 17,4.54,8904.51035298507,""Private"""
"Company 17,3.14,9792.09888353361,""Private"""
"Company 17,5.21,8704.12979810359,""Private"""
"Company 17,5.11,9389.14624429925,""Private"""
"Company 17,9.41,10229.4889806325,""Private"""
"Company 17,7.25,10901.8299712362,""Private"""
"Company 17,5.12,9434.78038110376,""Private"""
"Company 17,7.13,10254.5137321918,""Private"""
"Company 17,6,9544.4123331485,""Private"""
"Company 17,4.95,9777.11669737747,""Private"""
"Company 17,6.77,10096.6693580251,""Private"""
"Company 17,3.03,7525.42269663479,""Private"""
"Company 17,9.03,11433.3233622971,""Private"""
"Company 17,5.97,8410.5009609642,""Private"""
"Company 17,6.52,12385.8000621775,""Private"""
"Company 17,5.31,8000.79925655067,""Private"""
"Company 17,3.8,7048.15950254718,""Private"""
"Company 17,5.79,10689.7517234905,""Private"""
"Company 17,5.74,10121.9751503977,""Private"""
"Company 17,6.68,8253.60811338428,""Private"""
"Company 17,3.41,8448.9509150449,""Private"""
"Company 17,6.14,10180.8469211173,""Private"""
"Company 17,4.63,8561.31295431294,""Private"""
"Company 17,5.54,9572.37933954313,""Private"""
"Company 17,4.6,10336.8112124467,""Private"""
"Company 17,6.08,10202.0007956653,""Private"""
"Company 17,6.41,8987.17210784939,""Private"""
"Company 17,4.77,8615.26819547824,""Private"""
"Company 17,4.36,8376.84764932565,""Private"""
"Company 17,5.91,9327.32597108154,""Private"""
"Company 18,6.13,7877.00795024928,""Public"""
"Company 18,3.89,7933.99233710394,""Public"""
"Company 18,3.32,6461.27171134001,""Public"""
"Company 18,5.39,7977.07115165819,""Public"""
"Company 18,6.66,9003.7974909419,""Public"""
"Company 18,5.51,7996.15646755642,""Public"""
"Company 18,6.43,8843.18650280277,""Public"""
"Company 18,4.83,8697.72035972019,""Public"""
"Company 18,5.26,9999.41548539687,""Public"""
"Company 18,5.53,9612.71579739206,""Public"""
"Company 18,3.31,8421.37464644372,""Public"""
"Company 18,7.61,9868.98004320976,""Public"""
"Company 18,5.86,6947.83978111044,""Public"""
"Company 18,3.22,8030.13037826049,""Public"""
"Company 18,7.43,9281.50060223495,""Public"""
"Company 18,5.3,8436.5608416161,""Public"""
"Company 18,4.62,7231.87170168353,""Public"""
"Company 18,3.93,8638.65712971641,""Public"""
"Company 18,4.35,8558.72545332533,""Public"""
"Company 18,3.94,8876.60232087724,""Public"""
"Company 18,4.45,7469.98461807585,""Public"""
"Company 18,4.45,7708.01253502337,""Public"""
"Company 18,5.93,10919.5768556219,""Public"""
"Company 18,2.97,8827.81318017946,""Public"""
"Company 18,6.4,9645.27278941067,""Public"""
"Company 18,2.1,8652.02565144466,""Public"""
"Company 18,5.48,9812.5821856564,""Public"""
"Company 18,6.26,8672.11911909679,""Public"""
"Company 18,4.31,8197.9153740126,""Public"""
"Company 18,6.02,8098.78166890709,""Public"""
"Company 19,6.11,9315.93476698305,""Public"""
"Company 19,2.68,8113.70601581762,""Public"""
"Company 19,4.02,8492.52420720859,""Public"""
"Company 19,2.83,7419.73181100171,""Public"""
"Company 19,6.08,9794.48863832129,""Public"""
"Company 19,4.63,10450.6266581997,""Public"""
"Company 19,4.31,9180.38559812351,""Public"""
"Company 19,3.13,8581.45064035323,""Public"""
"Company 19,0.6,6999.80159648249,""Public"""
"Company 19,4.35,9197.93944001088,""Public"""
"Company 19,4.2,9137.49001422189,""Public"""
"Company 19,5.41,8193.88017590858,""Public"""
"Company 19,2.88,8447.75319146418,""Public"""
"Company 19,3.31,8332.4919537402,""Public"""
"Company 19,1.48,6774.3777751433,""Public"""
"Company 19,6.05,8336.3264882486,""Public"""
"Company 19,4.83,9931.61709343348,""Public"""
"Company 19,6.02,9549.65812936266,""Public"""
"Company 19,0.4,8567.1474836958,""Public"""
"Company 19,5.44,9307.77440247047,""Public"""
"Company 19,5.25,10105.3759265048,""Public"""
"Company 19,4.97,10376.333002347,""Public"""
"Company 19,6.36,12788.2464997922,""Public"""
"Company 19,4.61,9239.40868308736,""Public"""
"Company 19,1.01,7340.51246908143,""Public"""
"Company 19,4.56,9435.27763320942,""Public"""
"Company 19,4.37,10663.2854455628,""Public"""
"Company 19,2.4,8664.89880754762,""Public"""
"Company 19,2.03,9406.49929546907,""Public"""
"Company 19,6.2,11326.8544275524,""Public"""
"Company 20,7.37,6962.3246702015,""Private"""
"Company 20,8.18,11757.6883654596,""Private"""
"Company 20,4.45,7491.3686093748,""Private"""
"Company 20,0.61,5325.36377785016,""Private"""
"Company 20,5.94,7866.45446472848,""Private"""
"Company 20,5.55,6846.12537574411,""Private"""
"Company 20,2.67,7319.9254969994,""Private"""
"Company 20,4.58,7464.20059424584,""Private"""
"Company 20,4.03,7726.36876312044,""Private"""
"Company 20,6.83,9291.9885979612,""Private"""
"Company 20,5.45,5739.84375433409,""Private"""
"Company 20,5.36,7838.57471613497,""Private"""
"Company 20,5.86,10610.3107443601,""Private"""
"Company 20,2.06,7224.30542109012,""Private"""
"Company 20,2.53,7704.60801120946,""Private"""
"Company 20,4.13,8429.78859549053,""Private"""
"Company 20,7.46,9980.05901485558,""Private"""
"Company 20,5.22,7698.69515081483,""Private"""
"Company 20,7.22,8911.58904649283,""Private"""
"Company 20,3.94,5704.59558383954,""Private"""
"Company 20,7.35,7193.80182858917,""Private"""
"Company 20,5.98,7045.63806254331,""Private"""
"Company 20,5.77,8687.44521705624,""Private"""
"Company 20,6.01,7990.05219052892,""Private"""
"Company 20,3.58,6838.19641765981,""Private"""
"Company 20,3.18,7603.97151881497,""Private"""
"Company 20,3.39,5713.79312662447,""Private"""
"Company 20,7.12,10089.0856170912,""Private"""
"Company 20,2.98,6939.70849664725,""Private"""
"Company 20,6.45,9330.32373537163,""Private"""